Report_ID,Metric_Name,Value,Year,State,Risk_Level
R0001,Avg Claim Amount,28.34,2024,FL,High
R0002,Diabetes Prevalence (%),31.17,2024,IL,Medium
R0003,Readmission Rate (%),29.08,2023,TX,Medium
R0004,Readmission Rate (%),30.82,2024,CA,High
R0005,Avg Prescription Cost,11.55,2023,TX,Medium
R0006,Avg Claim Amount,14.07,2023,TX,Low
R0007,Diabetes Prevalence (%),23.11,2023,FL,Medium
R0008,Diabetes Prevalence (%),33.68,2024,TX,High
R0009,Avg Prescription Cost,8.6,2024,NY,Medium
R0010,Avg Prescription Cost,14.18,2023,CA,Medium
R0011,Avg Claim Amount,16.64,2023,TX,High
R0012,Diabetes Prevalence (%),30.26,2023,CA,Medium
R0013,Readmission Rate (%),20.84,2024,FL,Low
R0014,Avg Claim Amount,35.22,2023,NY,Low
R0015,Avg Prescription Cost,9.35,2023,CA,High
R0016,Readmission Rate (%),29.23,2024,CA,Medium
R0017,Diabetes Prevalence (%),28.2,2024,CA,Medium
R0018,Avg Claim Amount,26.6,2024,TX,High
R0019,Avg Prescription Cost,9.72,2024,TX,Medium
R0020,Avg Claim Amount,31.3,2023,IL,Medium
R0021,Diabetes Prevalence (%),20.3,2023,NY,High
R0022,Diabetes Prevalence (%),39.73,2024,CA,Medium
R0023,Avg Claim Amount,37.26,2023,FL,Low
R0024,Diabetes Prevalence (%),5.51,2024,IL,Low
R0025,Diabetes Prevalence (%),25.11,2024,CA,High
R0026,Readmission Rate (%),40.21,2023,TX,Low
R0027,Readmission Rate (%),32.06,2023,IL,High
R0028,Avg Prescription Cost,11.83,2023,FL,Low
R0029,Readmission Rate (%),2.32,2024,NY,Medium
R0030,Diabetes Prevalence (%),42.93,2023,TX,Low
R0031,Avg Claim Amount,5.37,2024,TX,Medium
R0032,Diabetes Prevalence (%),18.0,2023,CA,Low
R0033,Readmission Rate (%),13.84,2024,IL,Medium
R0034,Avg Prescription Cost,7.39,2023,IL,Low
R0035,Readmission Rate (%),45.55,2023,CA,High
R0036,Avg Claim Amount,10.96,2023,FL,High
R0037,Diabetes Prevalence (%),43.72,2024,TX,Medium
R0038,Avg Claim Amount,40.04,2023,FL,High
R0039,Diabetes Prevalence (%),10.04,2023,NY,Medium
R0040,Avg Claim Amount,19.51,2024,IL,Low
R0041,Avg Claim Amount,8.39,2024,CA,Low
R0042,Readmission Rate (%),42.95,2023,IL,High
R0043,Readmission Rate (%),33.46,2023,NY,Low
R0044,Avg Prescription Cost,5.14,2023,CA,Medium
R0045,Avg Prescription Cost,1.53,2023,FL,High
R0046,Diabetes Prevalence (%),37.64,2024,CA,Low
R0047,Avg Claim Amount,7.89,2023,NY,High
R0048,Avg Prescription Cost,6.06,2023,CA,Low
R0049,Diabetes Prevalence (%),3.63,2024,FL,High
R0050,Diabetes Prevalence (%),21.19,2023,NY,Low
R0051,Diabetes Prevalence (%),18.57,2024,IL,Low
R0052,Avg Prescription Cost,38.68,2023,NY,Medium
R0053,Avg Claim Amount,36.55,2024,IL,Medium
R0054,Avg Prescription Cost,37.97,2023,TX,Low
R0055,Avg Prescription Cost,11.75,2024,NY,Medium
R0056,Avg Claim Amount,33.26,2023,TX,Medium
R0057,Readmission Rate (%),9.3,2023,FL,High
R0058,Avg Claim Amount,20.53,2023,IL,Low
R0059,Readmission Rate (%),20.26,2023,CA,Medium
R0060,Avg Prescription Cost,2.72,2024,FL,High
R0061,Avg Prescription Cost,6.18,2024,NY,Low
R0062,Avg Claim Amount,27.76,2023,FL,Medium
R0063,Diabetes Prevalence (%),31.23,2023,CA,Medium
R0064,Diabetes Prevalence (%),11.75,2024,TX,Medium
R0065,Avg Prescription Cost,33.99,2024,CA,Low
R0066,Avg Claim Amount,2.0,2024,FL,Low
R0067,Diabetes Prevalence (%),47.52,2023,FL,Low
R0068,Avg Claim Amount,43.94,2024,FL,Low
R0069,Diabetes Prevalence (%),31.39,2024,CA,High
R0070,Avg Prescription Cost,42.65,2023,TX,High
R0071,Avg Claim Amount,27.81,2023,TX,Medium
R0072,Diabetes Prevalence (%),33.08,2023,TX,Low
R0073,Readmission Rate (%),17.22,2023,TX,High
R0074,Avg Prescription Cost,19.94,2023,CA,Low
R0075,Diabetes Prevalence (%),16.19,2023,FL,High
R0076,Avg Prescription Cost,32.02,2023,NY,Low
R0077,Avg Prescription Cost,39.43,2023,TX,Low
R0078,Diabetes Prevalence (%),32.21,2023,CA,Medium
R0079,Avg Claim Amount,45.43,2024,IL,Medium
R0080,Diabetes Prevalence (%),10.55,2024,TX,High
R0081,Diabetes Prevalence (%),25.91,2023,NY,Medium
R0082,Avg Claim Amount,15.52,2023,CA,Low
R0083,Readmission Rate (%),14.42,2023,IL,Low
R0084,Avg Prescription Cost,37.61,2024,CA,Medium
R0085,Avg Prescription Cost,27.98,2023,FL,High
R0086,Avg Prescription Cost,2.86,2023,CA,Medium
R0087,Avg Prescription Cost,7.56,2023,FL,Medium
R0088,Avg Claim Amount,49.41,2023,IL,Low
R0089,Avg Prescription Cost,20.76,2024,IL,Medium
R0090,Readmission Rate (%),4.52,2023,CA,High
R0091,Readmission Rate (%),42.5,2024,FL,Medium
R0092,Avg Prescription Cost,2.24,2023,CA,Low
R0093,Readmission Rate (%),20.07,2024,NY,Low
R0094,Avg Prescription Cost,28.4,2024,TX,High
R0095,Avg Claim Amount,21.85,2024,CA,High
R0096,Diabetes Prevalence (%),4.92,2024,TX,High
R0097,Readmission Rate (%),35.16,2024,FL,Medium
R0098,Avg Claim Amount,23.21,2023,TX,High
R0099,Avg Claim Amount,13.39,2023,NY,High
R0100,Avg Claim Amount,46.16,2024,FL,Low
R0101,Avg Claim Amount,43.15,2024,TX,High
R0102,Readmission Rate (%),21.18,2024,TX,High
R0103,Readmission Rate (%),14.75,2024,FL,High
R0104,Diabetes Prevalence (%),41.04,2024,CA,Medium
R0105,Diabetes Prevalence (%),7.98,2023,IL,High
R0106,Readmission Rate (%),11.45,2024,FL,High
R0107,Avg Claim Amount,24.81,2023,CA,Medium
R0108,Diabetes Prevalence (%),21.81,2023,FL,Low
R0109,Avg Claim Amount,16.11,2024,FL,Medium
R0110,Readmission Rate (%),41.75,2023,TX,Low
R0111,Avg Prescription Cost,31.86,2024,IL,Medium
R0112,Diabetes Prevalence (%),17.38,2024,TX,Medium
R0113,Avg Claim Amount,30.43,2024,TX,Low
R0114,Avg Prescription Cost,42.02,2024,IL,High
R0115,Readmission Rate (%),39.45,2023,NY,Low
R0116,Readmission Rate (%),7.14,2024,FL,Medium
R0117,Diabetes Prevalence (%),17.65,2024,NY,High
R0118,Avg Claim Amount,43.78,2023,IL,High
R0119,Readmission Rate (%),29.49,2024,NY,Low
R0120,Diabetes Prevalence (%),15.75,2023,IL,High
R0121,Avg Claim Amount,39.14,2023,NY,High
R0122,Readmission Rate (%),25.76,2023,TX,Medium
R0123,Readmission Rate (%),11.61,2023,FL,Medium
R0124,Avg Prescription Cost,1.26,2023,FL,Low
R0125,Readmission Rate (%),43.22,2023,FL,High
R0126,Avg Claim Amount,22.41,2023,IL,Low
R0127,Avg Claim Amount,11.24,2023,TX,Low
R0128,Diabetes Prevalence (%),45.04,2024,NY,Medium
R0129,Avg Prescription Cost,14.25,2023,IL,Low
R0130,Diabetes Prevalence (%),48.03,2023,IL,Low
R0131,Avg Claim Amount,23.33,2024,NY,Medium
R0132,Avg Prescription Cost,30.83,2023,TX,High
R0133,Avg Claim Amount,23.96,2023,CA,Low
R0134,Avg Prescription Cost,8.79,2024,TX,Medium
R0135,Readmission Rate (%),15.9,2023,NY,High
R0136,Diabetes Prevalence (%),45.57,2024,IL,Medium
R0137,Avg Prescription Cost,39.48,2023,CA,Medium
R0138,Readmission Rate (%),26.39,2023,TX,Medium
R0139,Diabetes Prevalence (%),44.63,2024,TX,Medium
R0140,Avg Prescription Cost,38.31,2024,FL,High
R0141,Avg Claim Amount,39.14,2023,CA,High
R0142,Readmission Rate (%),23.28,2023,NY,Medium
R0143,Readmission Rate (%),45.12,2024,NY,Medium
R0144,Diabetes Prevalence (%),17.4,2024,TX,High
R0145,Avg Prescription Cost,34.98,2024,IL,Medium
R0146,Diabetes Prevalence (%),16.31,2023,TX,High
R0147,Readmission Rate (%),27.34,2024,FL,Low
R0148,Avg Claim Amount,32.74,2023,TX,Low
R0149,Avg Prescription Cost,37.14,2024,IL,Low
R0150,Avg Prescription Cost,20.52,2024,NY,Low
R0151,Readmission Rate (%),43.93,2024,IL,High
R0152,Readmission Rate (%),28.95,2023,FL,Low
R0153,Readmission Rate (%),6.75,2023,CA,Medium
R0154,Avg Prescription Cost,23.98,2024,FL,Low
R0155,Avg Prescription Cost,4.57,2023,NY,Low
R0156,Readmission Rate (%),44.7,2024,FL,High
R0157,Diabetes Prevalence (%),48.69,2024,TX,Low
R0158,Avg Claim Amount,18.69,2024,CA,High
R0159,Avg Prescription Cost,35.97,2024,IL,High
R0160,Diabetes Prevalence (%),47.51,2024,CA,High
R0161,Diabetes Prevalence (%),35.17,2024,IL,Medium
R0162,Readmission Rate (%),26.38,2023,IL,High
R0163,Avg Prescription Cost,8.08,2023,FL,Medium
R0164,Diabetes Prevalence (%),14.72,2023,NY,Medium
R0165,Avg Prescription Cost,5.81,2024,CA,Medium
R0166,Avg Prescription Cost,39.21,2024,TX,High
R0167,Readmission Rate (%),19.21,2023,FL,Medium
R0168,Readmission Rate (%),2.25,2023,CA,High
R0169,Avg Claim Amount,23.76,2023,TX,Low
R0170,Diabetes Prevalence (%),49.88,2023,FL,Low
R0171,Avg Claim Amount,14.78,2023,CA,Low
R0172,Avg Claim Amount,11.57,2024,NY,High
R0173,Avg Prescription Cost,28.28,2023,NY,Low
R0174,Readmission Rate (%),33.8,2023,TX,High
R0175,Avg Claim Amount,13.74,2023,TX,Low
R0176,Avg Claim Amount,35.0,2023,TX,Low
R0177,Avg Prescription Cost,36.84,2023,IL,Medium
R0178,Diabetes Prevalence (%),37.36,2024,TX,High
R0179,Avg Claim Amount,24.23,2024,FL,Medium
R0180,Avg Claim Amount,28.7,2024,NY,Low
R0181,Avg Claim Amount,42.91,2024,TX,Medium
R0182,Avg Claim Amount,3.7,2024,CA,Medium
R0183,Avg Claim Amount,40.65,2024,NY,Low
R0184,Avg Prescription Cost,48.54,2024,CA,Low
R0185,Avg Prescription Cost,17.8,2023,CA,High
R0186,Avg Prescription Cost,7.7,2024,NY,Medium
R0187,Readmission Rate (%),15.94,2024,CA,Medium
R0188,Diabetes Prevalence (%),30.32,2024,FL,Low
R0189,Readmission Rate (%),5.55,2024,FL,Low
R0190,Readmission Rate (%),45.11,2023,FL,High
R0191,Diabetes Prevalence (%),14.2,2023,TX,Medium
R0192,Avg Claim Amount,9.63,2024,CA,Medium
R0193,Diabetes Prevalence (%),18.81,2023,TX,Low
R0194,Readmission Rate (%),7.82,2023,TX,High
R0195,Avg Prescription Cost,17.4,2024,FL,High
R0196,Diabetes Prevalence (%),11.86,2024,CA,Low
R0197,Avg Claim Amount,13.95,2023,NY,Medium
R0198,Readmission Rate (%),25.62,2023,FL,Low
R0199,Avg Prescription Cost,7.29,2023,IL,Low
R0200,Readmission Rate (%),14.02,2024,CA,Medium
R0201,Diabetes Prevalence (%),28.2,2024,CA,Medium
R0202,Avg Prescription Cost,6.51,2024,NY,High
R0203,Readmission Rate (%),46.89,2024,TX,Low
R0204,Avg Prescription Cost,33.01,2024,NY,Low
R0205,Diabetes Prevalence (%),21.32,2024,FL,Medium
R0206,Diabetes Prevalence (%),48.13,2023,CA,Low
R0207,Diabetes Prevalence (%),43.57,2024,IL,Medium
R0208,Readmission Rate (%),22.03,2023,NY,Low
R0209,Readmission Rate (%),5.19,2024,IL,High
R0210,Avg Prescription Cost,48.36,2023,CA,Low
R0211,Avg Claim Amount,6.78,2024,NY,Medium
R0212,Avg Prescription Cost,47.03,2024,TX,High
R0213,Readmission Rate (%),35.9,2023,FL,High
R0214,Readmission Rate (%),42.71,2024,CA,High
R0215,Diabetes Prevalence (%),1.75,2023,CA,Medium
R0216,Avg Claim Amount,20.88,2024,IL,High
R0217,Readmission Rate (%),44.08,2024,FL,Medium
R0218,Diabetes Prevalence (%),26.65,2024,TX,High
R0219,Avg Claim Amount,36.63,2023,IL,Low
R0220,Avg Claim Amount,11.95,2023,NY,Low
R0221,Readmission Rate (%),9.37,2024,IL,Low
R0222,Diabetes Prevalence (%),38.97,2024,FL,Medium
R0223,Readmission Rate (%),5.95,2024,FL,High
R0224,Avg Claim Amount,47.19,2023,FL,Low
R0225,Avg Claim Amount,25.62,2023,IL,High
R0226,Avg Claim Amount,13.57,2023,FL,Low
R0227,Avg Claim Amount,48.23,2023,NY,Low
R0228,Readmission Rate (%),18.34,2023,TX,High
R0229,Avg Claim Amount,1.4,2023,CA,Medium
R0230,Avg Prescription Cost,17.61,2023,FL,High
R0231,Diabetes Prevalence (%),31.65,2024,IL,Medium
R0232,Avg Claim Amount,29.64,2024,NY,High
R0233,Diabetes Prevalence (%),3.95,2023,FL,High
R0234,Avg Prescription Cost,43.54,2023,NY,Low
R0235,Readmission Rate (%),19.28,2024,NY,Low
R0236,Avg Claim Amount,5.06,2024,CA,Medium
R0237,Diabetes Prevalence (%),13.07,2024,IL,Low
R0238,Readmission Rate (%),28.33,2023,IL,Medium
R0239,Avg Claim Amount,19.45,2023,CA,Low
R0240,Readmission Rate (%),45.75,2024,FL,Low
R0241,Avg Claim Amount,6.13,2024,CA,Low
R0242,Avg Claim Amount,41.95,2023,TX,Medium
R0243,Readmission Rate (%),32.49,2023,CA,High
R0244,Readmission Rate (%),33.45,2024,IL,Low
R0245,Readmission Rate (%),43.12,2024,FL,Low
R0246,Avg Claim Amount,28.7,2024,IL,High
R0247,Readmission Rate (%),22.83,2024,IL,High
R0248,Avg Prescription Cost,13.75,2024,FL,High
R0249,Readmission Rate (%),28.09,2024,NY,High
R0250,Avg Prescription Cost,37.71,2024,CA,High
R0251,Readmission Rate (%),31.19,2024,NY,Low
R0252,Avg Prescription Cost,22.79,2023,IL,Low
R0253,Avg Prescription Cost,36.65,2023,IL,Low
R0254,Diabetes Prevalence (%),35.25,2024,FL,High
R0255,Readmission Rate (%),23.35,2024,NY,High
R0256,Avg Claim Amount,8.02,2024,TX,High
R0257,Avg Claim Amount,33.13,2023,NY,High
R0258,Avg Claim Amount,17.63,2023,CA,Medium
R0259,Readmission Rate (%),42.13,2023,NY,High
R0260,Avg Claim Amount,34.45,2023,FL,Low
R0261,Readmission Rate (%),13.28,2023,NY,High
R0262,Readmission Rate (%),45.7,2023,IL,High
R0263,Avg Claim Amount,42.57,2023,FL,Medium
R0264,Avg Claim Amount,19.41,2024,CA,High
R0265,Diabetes Prevalence (%),43.94,2024,NY,Medium
R0266,Avg Prescription Cost,15.22,2023,CA,High
R0267,Readmission Rate (%),48.76,2023,FL,High
R0268,Avg Claim Amount,42.59,2024,NY,Medium
R0269,Avg Prescription Cost,28.44,2023,CA,High
R0270,Avg Claim Amount,20.55,2024,CA,Low
R0271,Readmission Rate (%),19.69,2024,FL,Medium
R0272,Readmission Rate (%),21.85,2024,FL,High
R0273,Avg Claim Amount,12.87,2024,FL,High
R0274,Avg Claim Amount,43.4,2024,CA,Low
R0275,Avg Claim Amount,11.2,2024,IL,High
R0276,Avg Prescription Cost,47.44,2023,IL,Medium
R0277,Diabetes Prevalence (%),3.35,2024,TX,High
R0278,Avg Claim Amount,33.35,2024,IL,High
R0279,Readmission Rate (%),46.96,2024,NY,Medium
R0280,Diabetes Prevalence (%),4.32,2023,NY,Low
R0281,Avg Claim Amount,44.39,2024,NY,Low
R0282,Readmission Rate (%),49.23,2024,FL,Low
R0283,Readmission Rate (%),30.4,2024,FL,High
R0284,Avg Claim Amount,46.01,2023,TX,Medium
R0285,Diabetes Prevalence (%),36.04,2023,FL,Low
R0286,Diabetes Prevalence (%),33.94,2024,TX,Medium
R0287,Avg Prescription Cost,5.4,2023,NY,High
R0288,Diabetes Prevalence (%),42.74,2023,IL,Medium
R0289,Diabetes Prevalence (%),17.23,2023,CA,High
R0290,Avg Claim Amount,44.89,2024,CA,High
R0291,Diabetes Prevalence (%),10.03,2023,CA,Low
R0292,Readmission Rate (%),34.18,2023,TX,High
R0293,Avg Claim Amount,47.11,2024,IL,Medium
R0294,Diabetes Prevalence (%),37.94,2024,IL,Medium
R0295,Diabetes Prevalence (%),34.94,2024,FL,Low
R0296,Avg Prescription Cost,14.84,2023,TX,High
R0297,Readmission Rate (%),1.87,2023,FL,High
R0298,Readmission Rate (%),1.67,2023,TX,High
R0299,Avg Claim Amount,17.91,2024,CA,Medium
R0300,Readmission Rate (%),24.66,2023,NY,High
R0301,Readmission Rate (%),37.2,2024,IL,Low
R0302,Avg Claim Amount,37.17,2023,NY,Low
R0303,Avg Prescription Cost,34.74,2024,FL,Medium
R0304,Diabetes Prevalence (%),30.41,2023,TX,High
R0305,Readmission Rate (%),8.7,2024,IL,High
R0306,Diabetes Prevalence (%),1.6,2024,TX,Low
R0307,Readmission Rate (%),28.04,2023,FL,High
R0308,Readmission Rate (%),2.4,2023,NY,Medium
R0309,Avg Claim Amount,6.52,2024,IL,High
R0310,Diabetes Prevalence (%),44.72,2024,CA,Medium
R0311,Diabetes Prevalence (%),25.76,2023,NY,Medium
R0312,Avg Prescription Cost,10.77,2024,FL,High
R0313,Readmission Rate (%),41.4,2024,IL,Low
R0314,Readmission Rate (%),45.32,2024,IL,High
R0315,Diabetes Prevalence (%),15.39,2024,NY,Low
R0316,Readmission Rate (%),32.82,2024,TX,High
R0317,Diabetes Prevalence (%),21.26,2023,CA,High
R0318,Diabetes Prevalence (%),12.79,2024,NY,High
R0319,Avg Prescription Cost,25.4,2023,NY,Low
R0320,Avg Prescription Cost,29.58,2023,TX,Medium
R0321,Avg Claim Amount,19.26,2023,CA,High
R0322,Avg Claim Amount,22.07,2024,NY,Low
R0323,Readmission Rate (%),10.95,2023,FL,Medium
R0324,Readmission Rate (%),1.35,2024,TX,Low
R0325,Readmission Rate (%),5.46,2024,NY,Medium
R0326,Diabetes Prevalence (%),31.72,2024,IL,Low
R0327,Avg Prescription Cost,31.83,2023,FL,High
R0328,Readmission Rate (%),41.55,2023,CA,Low
R0329,Avg Prescription Cost,35.98,2024,IL,Low
R0330,Readmission Rate (%),2.76,2023,CA,Low
R0331,Diabetes Prevalence (%),32.8,2024,CA,Low
R0332,Avg Prescription Cost,39.51,2023,FL,Low
R0333,Avg Prescription Cost,22.58,2024,CA,Medium
R0334,Diabetes Prevalence (%),47.95,2024,IL,High
R0335,Readmission Rate (%),40.0,2024,CA,Low
R0336,Readmission Rate (%),25.64,2024,CA,High
R0337,Readmission Rate (%),33.67,2024,IL,Low
R0338,Avg Claim Amount,38.65,2024,CA,High
R0339,Avg Claim Amount,20.27,2024,FL,High
R0340,Readmission Rate (%),33.4,2024,CA,Low
R0341,Readmission Rate (%),1.68,2023,NY,Medium
R0342,Avg Prescription Cost,15.44,2023,CA,Medium
R0343,Diabetes Prevalence (%),9.91,2024,TX,Medium
R0344,Avg Prescription Cost,30.2,2023,TX,Low
R0345,Avg Prescription Cost,29.13,2024,TX,Low
R0346,Readmission Rate (%),21.61,2024,NY,Low
R0347,Avg Claim Amount,32.53,2024,TX,Low
R0348,Diabetes Prevalence (%),17.09,2023,FL,Medium
R0349,Diabetes Prevalence (%),18.11,2024,IL,Medium
R0350,Diabetes Prevalence (%),36.11,2023,IL,High
R0351,Diabetes Prevalence (%),26.36,2024,IL,High
R0352,Avg Prescription Cost,7.82,2024,FL,Medium
R0353,Avg Claim Amount,46.82,2023,FL,Low
R0354,Diabetes Prevalence (%),22.55,2023,NY,High
R0355,Diabetes Prevalence (%),11.11,2024,CA,Medium
R0356,Avg Prescription Cost,22.53,2023,FL,High
R0357,Avg Prescription Cost,46.92,2024,NY,High
R0358,Avg Claim Amount,42.93,2024,TX,Low
R0359,Readmission Rate (%),35.62,2023,FL,High
R0360,Diabetes Prevalence (%),28.74,2023,TX,Low
R0361,Avg Prescription Cost,28.34,2024,TX,Low
R0362,Diabetes Prevalence (%),23.33,2023,FL,Medium
R0363,Diabetes Prevalence (%),22.95,2024,TX,High
R0364,Readmission Rate (%),20.92,2024,IL,Low
R0365,Avg Prescription Cost,38.56,2024,TX,High
R0366,Avg Claim Amount,21.24,2024,TX,High
R0367,Readmission Rate (%),13.54,2023,TX,Low
R0368,Avg Prescription Cost,7.42,2024,CA,Low
R0369,Avg Prescription Cost,16.28,2024,FL,Low
R0370,Avg Prescription Cost,12.85,2023,FL,High
R0371,Avg Prescription Cost,28.4,2023,FL,Low
R0372,Avg Claim Amount,49.51,2023,IL,Medium
R0373,Avg Prescription Cost,11.25,2023,FL,High
R0374,Avg Claim Amount,36.66,2023,NY,High
R0375,Avg Claim Amount,20.33,2023,IL,Medium
R0376,Diabetes Prevalence (%),21.53,2024,FL,Low
R0377,Avg Prescription Cost,33.31,2024,CA,Medium
R0378,Avg Claim Amount,24.04,2024,NY,Low
R0379,Avg Claim Amount,41.52,2024,TX,Low
R0380,Avg Claim Amount,37.92,2024,IL,High
R0381,Diabetes Prevalence (%),49.81,2023,CA,High
R0382,Readmission Rate (%),12.29,2023,FL,High
R0383,Readmission Rate (%),45.73,2023,FL,Medium
R0384,Avg Claim Amount,10.41,2024,CA,Medium
R0385,Diabetes Prevalence (%),1.19,2023,IL,Medium
R0386,Avg Claim Amount,17.96,2024,CA,High
R0387,Avg Prescription Cost,21.96,2023,TX,High
R0388,Avg Claim Amount,10.59,2023,NY,High
R0389,Diabetes Prevalence (%),15.46,2023,TX,Medium
R0390,Diabetes Prevalence (%),29.18,2023,IL,Low
R0391,Diabetes Prevalence (%),18.19,2024,NY,Low
R0392,Diabetes Prevalence (%),40.81,2024,IL,Low
R0393,Avg Prescription Cost,1.22,2024,CA,Low
R0394,Readmission Rate (%),18.84,2023,TX,Medium
R0395,Readmission Rate (%),1.94,2023,NY,High
R0396,Diabetes Prevalence (%),36.72,2024,CA,Low
R0397,Readmission Rate (%),10.18,2023,TX,High
R0398,Avg Claim Amount,21.96,2023,IL,Low
R0399,Diabetes Prevalence (%),16.58,2023,TX,Medium
R0400,Readmission Rate (%),25.59,2024,TX,Low
R0401,Avg Prescription Cost,36.98,2024,CA,Low
R0402,Diabetes Prevalence (%),24.8,2023,TX,Medium
R0403,Readmission Rate (%),18.82,2024,CA,Low
R0404,Readmission Rate (%),37.31,2023,CA,High
R0405,Avg Claim Amount,38.3,2023,IL,Medium
R0406,Diabetes Prevalence (%),34.55,2024,TX,Low
R0407,Readmission Rate (%),32.88,2023,NY,Medium
R0408,Readmission Rate (%),32.48,2023,TX,Medium
R0409,Avg Prescription Cost,34.08,2024,CA,Low
R0410,Avg Prescription Cost,43.3,2023,TX,Low
R0411,Avg Prescription Cost,47.91,2024,FL,Low
R0412,Avg Prescription Cost,46.74,2023,TX,Low
R0413,Diabetes Prevalence (%),42.04,2024,CA,Medium
R0414,Readmission Rate (%),13.13,2024,FL,High
R0415,Readmission Rate (%),8.76,2024,FL,High
R0416,Readmission Rate (%),31.81,2023,IL,High
R0417,Readmission Rate (%),42.06,2024,IL,Low
R0418,Diabetes Prevalence (%),4.27,2024,NY,High
R0419,Readmission Rate (%),32.78,2024,CA,High
R0420,Avg Claim Amount,49.73,2023,CA,Low
R0421,Avg Prescription Cost,36.47,2024,NY,High
R0422,Avg Prescription Cost,44.94,2024,FL,Low
R0423,Avg Prescription Cost,6.06,2024,TX,Low
R0424,Avg Prescription Cost,36.87,2024,NY,Low
R0425,Avg Prescription Cost,47.89,2023,IL,High
R0426,Diabetes Prevalence (%),20.29,2024,NY,High
R0427,Diabetes Prevalence (%),9.3,2023,NY,Medium
R0428,Readmission Rate (%),26.81,2024,FL,Medium
R0429,Readmission Rate (%),46.16,2024,CA,Low
R0430,Readmission Rate (%),3.12,2024,FL,Medium
R0431,Avg Prescription Cost,27.92,2023,CA,Low
R0432,Avg Prescription Cost,23.61,2023,TX,Low
R0433,Diabetes Prevalence (%),26.91,2024,NY,Low
R0434,Diabetes Prevalence (%),24.15,2023,NY,Low
R0435,Avg Prescription Cost,21.55,2023,CA,Low
R0436,Avg Claim Amount,4.73,2023,CA,High
R0437,Avg Prescription Cost,41.23,2023,CA,High
R0438,Diabetes Prevalence (%),31.54,2024,CA,Medium
R0439,Avg Claim Amount,42.05,2023,IL,Low
R0440,Avg Prescription Cost,31.08,2023,TX,Low
R0441,Avg Prescription Cost,7.55,2024,TX,Medium
R0442,Avg Claim Amount,46.86,2024,FL,Low
R0443,Avg Claim Amount,24.28,2024,IL,High
R0444,Avg Claim Amount,14.98,2023,IL,High
R0445,Diabetes Prevalence (%),37.95,2023,TX,Medium
R0446,Diabetes Prevalence (%),7.86,2023,FL,Medium
R0447,Avg Prescription Cost,1.85,2024,IL,Medium
R0448,Readmission Rate (%),22.04,2024,FL,High
R0449,Diabetes Prevalence (%),30.1,2023,NY,Medium
R0450,Diabetes Prevalence (%),33.67,2024,FL,Low
R0451,Readmission Rate (%),49.85,2024,FL,High
R0452,Avg Claim Amount,35.04,2023,CA,Medium
R0453,Avg Claim Amount,19.41,2024,TX,Medium
R0454,Avg Claim Amount,29.24,2024,NY,Low
R0455,Avg Claim Amount,31.83,2023,NY,High
R0456,Readmission Rate (%),13.42,2024,IL,Medium
R0457,Diabetes Prevalence (%),7.69,2023,TX,Low
R0458,Avg Claim Amount,19.88,2024,CA,Medium
R0459,Diabetes Prevalence (%),16.57,2024,NY,Medium
R0460,Avg Prescription Cost,4.23,2023,IL,Low
R0461,Avg Claim Amount,15.14,2023,IL,Low
R0462,Readmission Rate (%),16.75,2024,CA,Medium
R0463,Avg Prescription Cost,20.8,2024,TX,Medium
R0464,Readmission Rate (%),28.82,2023,TX,Low
R0465,Readmission Rate (%),4.62,2024,NY,High
R0466,Diabetes Prevalence (%),34.27,2023,FL,High
R0467,Diabetes Prevalence (%),38.64,2023,NY,Low
R0468,Readmission Rate (%),36.59,2023,TX,Low
R0469,Readmission Rate (%),17.19,2024,TX,High
R0470,Readmission Rate (%),38.13,2024,TX,Medium
R0471,Avg Prescription Cost,31.86,2023,FL,Medium
R0472,Readmission Rate (%),4.09,2024,CA,High
R0473,Diabetes Prevalence (%),30.39,2023,FL,Low
R0474,Avg Claim Amount,40.61,2023,NY,High
R0475,Avg Prescription Cost,16.2,2024,FL,Low
R0476,Readmission Rate (%),23.28,2023,FL,Low
R0477,Avg Prescription Cost,17.66,2023,IL,High
R0478,Avg Claim Amount,39.79,2024,IL,High
R0479,Avg Claim Amount,14.96,2023,NY,Medium
R0480,Avg Prescription Cost,40.62,2023,TX,Low
R0481,Avg Claim Amount,35.59,2024,TX,High
R0482,Avg Claim Amount,37.59,2024,CA,High
R0483,Diabetes Prevalence (%),29.07,2024,IL,Low
R0484,Avg Prescription Cost,33.22,2024,IL,Low
R0485,Readmission Rate (%),42.58,2024,IL,Low
R0486,Avg Claim Amount,37.8,2024,FL,Medium
R0487,Avg Prescription Cost,32.24,2023,CA,High
R0488,Diabetes Prevalence (%),24.96,2024,NY,Medium
R0489,Avg Claim Amount,15.53,2024,NY,Medium
R0490,Diabetes Prevalence (%),5.12,2023,FL,Medium
R0491,Avg Prescription Cost,23.47,2024,IL,Medium
R0492,Readmission Rate (%),21.45,2023,FL,Medium
R0493,Avg Claim Amount,38.3,2024,IL,Medium
R0494,Diabetes Prevalence (%),32.15,2024,IL,High
R0495,Diabetes Prevalence (%),4.61,2023,NY,Low
R0496,Avg Prescription Cost,31.68,2024,IL,Low
R0497,Avg Claim Amount,7.71,2024,CA,High
R0498,Readmission Rate (%),1.2,2024,IL,High
R0499,Readmission Rate (%),11.71,2023,IL,Low
R0500,Diabetes Prevalence (%),14.42,2023,FL,Low
R0501,Diabetes Prevalence (%),2.57,2024,NY,Medium
R0502,Avg Claim Amount,16.96,2024,FL,High
R0503,Readmission Rate (%),2.54,2023,NY,Medium
R0504,Avg Claim Amount,10.26,2023,TX,High
R0505,Diabetes Prevalence (%),12.07,2023,CA,Medium
R0506,Avg Claim Amount,41.94,2024,TX,Medium
R0507,Diabetes Prevalence (%),25.47,2023,CA,Low
R0508,Avg Prescription Cost,16.53,2024,FL,Medium
R0509,Diabetes Prevalence (%),42.56,2024,FL,Medium
R0510,Readmission Rate (%),31.14,2024,IL,Low
R0511,Readmission Rate (%),49.88,2023,NY,Medium
R0512,Diabetes Prevalence (%),11.46,2023,NY,Medium
R0513,Avg Claim Amount,21.73,2023,FL,Low
R0514,Avg Claim Amount,26.71,2023,FL,High
R0515,Diabetes Prevalence (%),11.29,2023,TX,Medium
R0516,Diabetes Prevalence (%),10.37,2024,IL,Medium
R0517,Readmission Rate (%),30.98,2023,CA,Medium
R0518,Diabetes Prevalence (%),36.55,2024,TX,Medium
R0519,Avg Claim Amount,29.81,2024,NY,Medium
R0520,Avg Prescription Cost,46.82,2023,TX,Medium
R0521,Diabetes Prevalence (%),11.94,2024,FL,Medium
R0522,Readmission Rate (%),30.16,2024,IL,Medium
R0523,Readmission Rate (%),17.15,2023,TX,High
R0524,Readmission Rate (%),12.93,2023,CA,Medium
R0525,Avg Claim Amount,16.0,2023,IL,Low
R0526,Readmission Rate (%),16.14,2023,NY,Medium
R0527,Readmission Rate (%),24.87,2024,CA,Medium
R0528,Readmission Rate (%),37.42,2023,FL,Medium
R0529,Diabetes Prevalence (%),33.78,2023,NY,High
R0530,Avg Claim Amount,1.8,2023,FL,Low
R0531,Diabetes Prevalence (%),8.52,2023,TX,High
R0532,Readmission Rate (%),31.39,2023,FL,Medium
R0533,Avg Claim Amount,22.2,2023,TX,Low
R0534,Readmission Rate (%),17.94,2024,CA,Medium
R0535,Readmission Rate (%),48.27,2023,NY,Medium
R0536,Diabetes Prevalence (%),36.46,2023,IL,High
R0537,Readmission Rate (%),4.98,2024,NY,High
R0538,Diabetes Prevalence (%),4.01,2023,IL,Low
R0539,Avg Claim Amount,13.58,2023,FL,Medium
R0540,Diabetes Prevalence (%),31.13,2023,NY,Medium
R0541,Readmission Rate (%),10.14,2024,TX,Low
R0542,Diabetes Prevalence (%),24.88,2023,IL,Low
R0543,Avg Claim Amount,3.99,2024,NY,Low
R0544,Avg Claim Amount,21.69,2023,IL,High
R0545,Diabetes Prevalence (%),45.04,2023,IL,Low
R0546,Diabetes Prevalence (%),4.32,2024,IL,Low
R0547,Avg Prescription Cost,1.37,2024,NY,Low
R0548,Diabetes Prevalence (%),3.55,2023,FL,Medium
R0549,Diabetes Prevalence (%),8.24,2024,TX,High
R0550,Diabetes Prevalence (%),45.37,2023,TX,Low
R0551,Diabetes Prevalence (%),14.08,2023,TX,High
R0552,Readmission Rate (%),8.24,2023,TX,Low
R0553,Diabetes Prevalence (%),22.4,2023,CA,Low
R0554,Readmission Rate (%),46.48,2023,CA,Low
R0555,Avg Claim Amount,48.06,2023,IL,Low
R0556,Avg Prescription Cost,32.45,2024,NY,Low
R0557,Avg Prescription Cost,28.57,2023,IL,Low
R0558,Readmission Rate (%),34.86,2023,IL,Low
R0559,Avg Prescription Cost,1.45,2024,IL,High
R0560,Avg Claim Amount,29.82,2023,IL,High
R0561,Readmission Rate (%),37.84,2024,IL,High
R0562,Diabetes Prevalence (%),8.34,2023,NY,High
R0563,Readmission Rate (%),18.32,2024,FL,Medium
R0564,Readmission Rate (%),39.58,2023,CA,High
R0565,Avg Claim Amount,20.17,2023,CA,Medium
R0566,Avg Prescription Cost,25.69,2024,TX,Medium
R0567,Avg Claim Amount,21.89,2023,NY,Medium
R0568,Avg Prescription Cost,49.9,2023,FL,High
R0569,Avg Prescription Cost,16.26,2024,TX,High
R0570,Avg Prescription Cost,4.16,2023,IL,Medium
R0571,Avg Claim Amount,41.96,2024,CA,Low
R0572,Diabetes Prevalence (%),7.66,2023,CA,High
R0573,Avg Prescription Cost,1.0,2024,FL,Low
R0574,Readmission Rate (%),37.04,2024,CA,Low
R0575,Avg Claim Amount,49.93,2023,NY,Medium
R0576,Avg Claim Amount,36.18,2024,IL,Medium
R0577,Avg Prescription Cost,39.7,2024,CA,High
R0578,Avg Prescription Cost,31.61,2023,CA,Low
R0579,Avg Claim Amount,18.53,2023,NY,Medium
R0580,Readmission Rate (%),47.8,2023,FL,High
R0581,Readmission Rate (%),1.57,2023,IL,High
R0582,Diabetes Prevalence (%),5.32,2023,IL,Medium
R0583,Avg Prescription Cost,10.87,2023,NY,High
R0584,Avg Prescription Cost,40.46,2024,CA,Low
R0585,Avg Prescription Cost,25.5,2023,TX,Low
R0586,Diabetes Prevalence (%),7.73,2024,TX,High
R0587,Avg Claim Amount,12.35,2024,NY,Medium
R0588,Diabetes Prevalence (%),3.8,2023,NY,Medium
R0589,Readmission Rate (%),47.86,2024,TX,Low
R0590,Readmission Rate (%),18.84,2023,IL,Low
R0591,Diabetes Prevalence (%),42.3,2023,FL,Low
R0592,Diabetes Prevalence (%),28.94,2024,FL,High
R0593,Avg Prescription Cost,2.65,2023,CA,High
R0594,Diabetes Prevalence (%),47.77,2023,FL,Medium
R0595,Readmission Rate (%),1.14,2024,FL,Medium
R0596,Avg Prescription Cost,38.94,2023,TX,High
R0597,Readmission Rate (%),22.04,2023,NY,High
R0598,Avg Prescription Cost,34.36,2024,NY,High
R0599,Avg Claim Amount,34.74,2023,FL,High
R0600,Diabetes Prevalence (%),1.64,2023,NY,High
R0601,Avg Prescription Cost,39.32,2023,CA,Medium
R0602,Diabetes Prevalence (%),16.71,2023,IL,High
R0603,Diabetes Prevalence (%),46.94,2024,CA,Low
R0604,Avg Claim Amount,35.72,2024,CA,Medium
R0605,Readmission Rate (%),17.24,2023,IL,Medium
R0606,Avg Prescription Cost,30.09,2024,CA,Low
R0607,Avg Claim Amount,45.01,2023,NY,High
R0608,Avg Prescription Cost,5.07,2024,CA,Medium
R0609,Readmission Rate (%),12.21,2024,CA,Low
R0610,Avg Prescription Cost,4.55,2023,IL,Low
R0611,Avg Claim Amount,41.53,2023,NY,Low
R0612,Avg Claim Amount,8.68,2023,NY,Low
R0613,Avg Claim Amount,39.14,2024,TX,Medium
R0614,Diabetes Prevalence (%),37.39,2024,FL,Medium
R0615,Diabetes Prevalence (%),17.95,2023,IL,Medium
R0616,Avg Claim Amount,11.8,2024,CA,Low
R0617,Avg Claim Amount,12.59,2023,NY,High
R0618,Avg Claim Amount,9.77,2023,FL,Low
R0619,Readmission Rate (%),33.38,2024,CA,Low
R0620,Avg Prescription Cost,41.08,2023,IL,Medium
R0621,Avg Claim Amount,4.91,2023,FL,Low
R0622,Diabetes Prevalence (%),21.14,2023,TX,Low
R0623,Diabetes Prevalence (%),7.18,2023,TX,Low
R0624,Readmission Rate (%),19.86,2024,IL,Medium
R0625,Avg Claim Amount,16.09,2023,NY,High
R0626,Readmission Rate (%),45.43,2024,TX,Medium
R0627,Avg Claim Amount,7.06,2024,TX,High
R0628,Avg Prescription Cost,37.06,2023,CA,Low
R0629,Avg Claim Amount,36.55,2024,NY,High
R0630,Avg Prescription Cost,11.43,2023,NY,High
R0631,Avg Claim Amount,29.87,2024,FL,Low
R0632,Avg Prescription Cost,42.99,2023,CA,Medium
R0633,Avg Claim Amount,45.6,2024,IL,Medium
R0634,Diabetes Prevalence (%),14.92,2024,NY,High
R0635,Diabetes Prevalence (%),19.87,2023,CA,Low
R0636,Readmission Rate (%),11.0,2024,CA,High
R0637,Readmission Rate (%),26.78,2023,CA,High
R0638,Readmission Rate (%),48.18,2023,FL,Medium
R0639,Avg Claim Amount,48.06,2023,TX,High
R0640,Readmission Rate (%),30.9,2023,CA,Low
R0641,Diabetes Prevalence (%),41.53,2023,NY,High
R0642,Readmission Rate (%),16.12,2024,CA,Medium
R0643,Avg Prescription Cost,41.5,2024,CA,High
R0644,Avg Prescription Cost,36.85,2023,IL,High
R0645,Diabetes Prevalence (%),43.19,2024,NY,Medium
R0646,Avg Prescription Cost,28.91,2024,FL,High
R0647,Diabetes Prevalence (%),20.84,2024,CA,High
R0648,Avg Claim Amount,32.61,2024,FL,Medium
R0649,Avg Prescription Cost,48.23,2024,CA,High
R0650,Avg Prescription Cost,15.18,2023,FL,High
R0651,Readmission Rate (%),4.97,2023,NY,Medium
R0652,Avg Prescription Cost,24.59,2023,NY,Low
R0653,Avg Claim Amount,27.38,2024,CA,High
R0654,Diabetes Prevalence (%),17.93,2023,FL,Low
R0655,Avg Prescription Cost,41.26,2023,CA,Medium
R0656,Avg Claim Amount,31.2,2023,FL,Low
R0657,Avg Claim Amount,4.61,2024,TX,High
R0658,Avg Claim Amount,8.3,2024,IL,High
R0659,Diabetes Prevalence (%),28.47,2024,TX,High
R0660,Diabetes Prevalence (%),38.04,2023,NY,Medium
R0661,Avg Claim Amount,22.51,2023,CA,Low
R0662,Diabetes Prevalence (%),38.0,2024,CA,Low
R0663,Readmission Rate (%),7.23,2024,NY,Low
R0664,Readmission Rate (%),9.95,2024,TX,Low
R0665,Avg Prescription Cost,16.88,2023,FL,Medium
R0666,Readmission Rate (%),21.95,2024,TX,High
R0667,Readmission Rate (%),19.83,2023,FL,Low
R0668,Avg Prescription Cost,49.53,2024,FL,Low
R0669,Diabetes Prevalence (%),29.45,2023,TX,Low
R0670,Diabetes Prevalence (%),16.57,2023,NY,Low
R0671,Diabetes Prevalence (%),45.4,2024,TX,High
R0672,Avg Claim Amount,34.9,2024,CA,Medium
R0673,Avg Claim Amount,15.57,2024,IL,High
R0674,Avg Prescription Cost,47.87,2023,FL,Medium
R0675,Avg Prescription Cost,30.12,2024,CA,Low
R0676,Readmission Rate (%),26.7,2023,CA,Low
R0677,Diabetes Prevalence (%),19.09,2023,CA,High
R0678,Avg Claim Amount,27.2,2024,CA,High
R0679,Diabetes Prevalence (%),2.16,2023,NY,Low
R0680,Avg Claim Amount,1.37,2023,NY,Low
R0681,Avg Prescription Cost,18.64,2024,TX,Low
R0682,Avg Claim Amount,15.75,2023,NY,High
R0683,Diabetes Prevalence (%),4.54,2024,NY,Low
R0684,Readmission Rate (%),19.65,2024,IL,Low
R0685,Diabetes Prevalence (%),28.27,2024,NY,Medium
R0686,Avg Prescription Cost,27.87,2024,IL,High
R0687,Avg Prescription Cost,27.54,2024,IL,Low
R0688,Avg Prescription Cost,13.69,2024,TX,Medium
R0689,Readmission Rate (%),34.05,2023,IL,Low
R0690,Avg Claim Amount,9.91,2024,IL,Medium
R0691,Avg Claim Amount,35.92,2023,CA,Medium
R0692,Readmission Rate (%),7.59,2024,CA,Low
R0693,Avg Claim Amount,16.25,2024,IL,Medium
R0694,Diabetes Prevalence (%),36.57,2024,IL,High
R0695,Avg Prescription Cost,45.46,2023,FL,High
R0696,Diabetes Prevalence (%),37.54,2024,TX,High
R0697,Avg Claim Amount,28.87,2023,NY,Medium
R0698,Diabetes Prevalence (%),13.12,2024,TX,Low
R0699,Readmission Rate (%),32.69,2023,CA,High
R0700,Avg Prescription Cost,1.09,2024,NY,Medium
R0701,Diabetes Prevalence (%),2.51,2023,NY,High
R0702,Readmission Rate (%),34.47,2023,TX,Medium
R0703,Readmission Rate (%),25.79,2024,CA,High
R0704,Diabetes Prevalence (%),36.35,2024,NY,Medium
R0705,Avg Claim Amount,48.55,2024,FL,Low
R0706,Avg Claim Amount,41.07,2024,NY,Medium
R0707,Avg Prescription Cost,12.75,2024,NY,Medium
R0708,Diabetes Prevalence (%),30.6,2023,NY,Low
R0709,Diabetes Prevalence (%),49.72,2023,NY,Medium
R0710,Avg Claim Amount,40.85,2023,CA,Medium
R0711,Diabetes Prevalence (%),29.28,2023,NY,Medium
R0712,Diabetes Prevalence (%),44.86,2023,TX,Low
R0713,Diabetes Prevalence (%),36.91,2023,FL,Low
R0714,Readmission Rate (%),39.21,2023,NY,Low
R0715,Avg Prescription Cost,16.82,2023,NY,High
R0716,Diabetes Prevalence (%),29.86,2024,FL,Low
R0717,Readmission Rate (%),25.18,2023,CA,Medium
R0718,Readmission Rate (%),2.39,2023,TX,High
R0719,Avg Claim Amount,40.61,2024,FL,High
R0720,Diabetes Prevalence (%),25.35,2024,IL,High
R0721,Avg Claim Amount,16.02,2023,IL,High
R0722,Readmission Rate (%),46.85,2024,CA,Low
R0723,Diabetes Prevalence (%),43.98,2024,FL,Medium
R0724,Avg Claim Amount,47.19,2023,FL,Low
R0725,Avg Prescription Cost,13.67,2024,IL,Low
R0726,Readmission Rate (%),49.22,2023,CA,Medium
R0727,Readmission Rate (%),12.95,2024,NY,Medium
R0728,Diabetes Prevalence (%),45.06,2023,FL,Medium
R0729,Avg Prescription Cost,4.92,2023,NY,High
R0730,Diabetes Prevalence (%),26.42,2024,IL,Low
R0731,Avg Claim Amount,27.46,2023,TX,Medium
R0732,Avg Claim Amount,44.74,2024,CA,Medium
R0733,Diabetes Prevalence (%),7.57,2024,IL,High
R0734,Diabetes Prevalence (%),27.23,2023,CA,High
R0735,Readmission Rate (%),10.68,2024,NY,High
R0736,Readmission Rate (%),28.8,2023,IL,Low
R0737,Avg Prescription Cost,16.7,2023,TX,Medium
R0738,Avg Claim Amount,42.34,2024,TX,Medium
R0739,Readmission Rate (%),1.98,2023,CA,Medium
R0740,Avg Prescription Cost,44.75,2024,TX,High
R0741,Diabetes Prevalence (%),42.59,2023,FL,Low
R0742,Avg Claim Amount,43.85,2023,CA,Medium
R0743,Diabetes Prevalence (%),22.93,2023,NY,Medium
R0744,Avg Prescription Cost,34.77,2023,IL,Low
R0745,Readmission Rate (%),10.19,2023,FL,High
R0746,Readmission Rate (%),3.27,2023,NY,High
R0747,Readmission Rate (%),25.86,2023,IL,Medium
R0748,Diabetes Prevalence (%),41.57,2024,CA,Medium
R0749,Readmission Rate (%),47.75,2023,CA,Medium
R0750,Readmission Rate (%),13.03,2023,FL,High
R0751,Readmission Rate (%),41.93,2024,CA,Medium
R0752,Readmission Rate (%),32.15,2023,IL,Medium
R0753,Avg Claim Amount,10.81,2023,CA,Low
R0754,Avg Claim Amount,38.77,2023,NY,Medium
R0755,Avg Prescription Cost,38.94,2023,IL,High
R0756,Avg Claim Amount,26.27,2024,TX,Low
R0757,Readmission Rate (%),34.48,2024,TX,Medium
R0758,Avg Claim Amount,41.85,2023,NY,Low
R0759,Readmission Rate (%),31.31,2023,FL,Low
R0760,Avg Claim Amount,33.88,2023,TX,High
R0761,Avg Prescription Cost,39.73,2023,IL,Low
R0762,Diabetes Prevalence (%),39.57,2023,IL,High
R0763,Diabetes Prevalence (%),4.94,2024,IL,High
R0764,Avg Claim Amount,31.64,2023,TX,Medium
R0765,Avg Claim Amount,41.61,2023,NY,Medium
R0766,Avg Prescription Cost,41.16,2023,IL,Low
R0767,Avg Claim Amount,31.25,2024,TX,High
R0768,Avg Prescription Cost,15.74,2023,FL,High
R0769,Avg Claim Amount,48.22,2023,FL,Low
R0770,Diabetes Prevalence (%),42.09,2024,FL,Low
R0771,Diabetes Prevalence (%),39.2,2024,FL,High
R0772,Avg Prescription Cost,32.06,2024,IL,High
R0773,Readmission Rate (%),17.13,2023,NY,High
R0774,Avg Claim Amount,19.68,2024,TX,Medium
R0775,Diabetes Prevalence (%),17.26,2023,IL,High
R0776,Avg Prescription Cost,2.56,2024,TX,Medium
R0777,Avg Claim Amount,34.74,2024,NY,High
R0778,Diabetes Prevalence (%),38.48,2024,NY,Low
R0779,Avg Claim Amount,2.89,2023,TX,High
R0780,Diabetes Prevalence (%),9.66,2024,NY,Medium
R0781,Avg Claim Amount,14.24,2024,NY,Low
R0782,Avg Prescription Cost,30.28,2024,FL,High
R0783,Avg Prescription Cost,26.67,2023,IL,High
R0784,Diabetes Prevalence (%),31.61,2023,TX,Medium
R0785,Avg Prescription Cost,18.17,2023,IL,High
R0786,Readmission Rate (%),28.03,2023,CA,Medium
R0787,Diabetes Prevalence (%),14.63,2023,CA,High
R0788,Avg Prescription Cost,16.01,2024,TX,High
R0789,Diabetes Prevalence (%),47.15,2023,NY,High
R0790,Diabetes Prevalence (%),43.56,2024,FL,High
R0791,Diabetes Prevalence (%),6.2,2024,NY,High
R0792,Readmission Rate (%),33.64,2024,CA,Low
R0793,Avg Prescription Cost,15.5,2023,NY,Medium
R0794,Readmission Rate (%),48.06,2023,NY,Low
R0795,Avg Prescription Cost,37.96,2023,TX,High
R0796,Readmission Rate (%),15.66,2023,FL,Medium
R0797,Avg Claim Amount,28.79,2024,FL,Medium
R0798,Avg Prescription Cost,5.04,2023,NY,Medium
R0799,Diabetes Prevalence (%),42.4,2023,IL,High
R0800,Avg Claim Amount,11.87,2024,FL,Medium
R0801,Avg Claim Amount,10.39,2024,CA,Medium
R0802,Readmission Rate (%),27.21,2024,NY,High
R0803,Readmission Rate (%),35.65,2023,TX,High
R0804,Readmission Rate (%),41.3,2023,NY,Medium
R0805,Diabetes Prevalence (%),20.61,2024,NY,Medium
R0806,Diabetes Prevalence (%),41.22,2024,FL,High
R0807,Avg Claim Amount,14.86,2024,FL,High
R0808,Diabetes Prevalence (%),18.52,2023,NY,High
R0809,Avg Claim Amount,40.75,2024,CA,Low
R0810,Diabetes Prevalence (%),13.07,2024,TX,Low
R0811,Readmission Rate (%),16.38,2024,IL,High
R0812,Avg Prescription Cost,28.86,2023,NY,Low
R0813,Diabetes Prevalence (%),5.01,2023,CA,Low
R0814,Avg Prescription Cost,16.62,2024,FL,Low
R0815,Readmission Rate (%),34.75,2024,TX,Low
R0816,Avg Claim Amount,19.74,2023,FL,High
R0817,Avg Claim Amount,44.74,2024,NY,Medium
R0818,Avg Claim Amount,22.39,2023,NY,High
R0819,Avg Claim Amount,48.21,2023,TX,Medium
R0820,Avg Prescription Cost,3.63,2023,FL,Medium
R0821,Avg Claim Amount,21.27,2023,CA,Medium
R0822,Readmission Rate (%),40.87,2024,FL,Low
R0823,Avg Prescription Cost,12.92,2023,IL,High
R0824,Avg Claim Amount,41.41,2024,CA,Low
R0825,Readmission Rate (%),8.07,2023,IL,Low
R0826,Avg Claim Amount,10.8,2024,IL,Medium
R0827,Diabetes Prevalence (%),48.8,2023,NY,Medium
R0828,Avg Claim Amount,17.33,2024,TX,Low
R0829,Avg Prescription Cost,17.08,2024,IL,Medium
R0830,Avg Claim Amount,10.24,2023,FL,High
R0831,Avg Claim Amount,6.67,2024,NY,Low
R0832,Avg Prescription Cost,2.61,2023,IL,High
R0833,Readmission Rate (%),31.94,2024,NY,Medium
R0834,Avg Prescription Cost,11.92,2023,CA,Medium
R0835,Diabetes Prevalence (%),25.46,2023,NY,Medium
R0836,Avg Claim Amount,25.96,2023,IL,Low
R0837,Diabetes Prevalence (%),36.43,2024,CA,Low
R0838,Avg Claim Amount,8.0,2023,TX,Low
R0839,Diabetes Prevalence (%),40.28,2024,NY,High
R0840,Avg Prescription Cost,38.02,2024,CA,Medium
R0841,Diabetes Prevalence (%),15.09,2023,FL,Medium
R0842,Avg Prescription Cost,37.94,2024,TX,High
R0843,Readmission Rate (%),5.82,2024,FL,Medium
R0844,Readmission Rate (%),32.44,2024,NY,Medium
R0845,Avg Prescription Cost,38.48,2023,IL,Medium
R0846,Avg Prescription Cost,31.11,2023,FL,High
R0847,Avg Prescription Cost,46.55,2024,TX,Low
R0848,Diabetes Prevalence (%),10.82,2023,IL,High
R0849,Readmission Rate (%),47.47,2024,NY,Low
R0850,Avg Prescription Cost,18.73,2024,TX,Low
R0851,Avg Claim Amount,48.07,2024,NY,Medium
R0852,Avg Prescription Cost,34.86,2023,FL,Low
R0853,Diabetes Prevalence (%),34.84,2024,TX,Low
R0854,Diabetes Prevalence (%),31.09,2024,FL,Low
R0855,Avg Claim Amount,11.86,2023,TX,Medium
R0856,Avg Claim Amount,23.71,2024,TX,Medium
R0857,Avg Claim Amount,48.12,2024,IL,Low
R0858,Avg Claim Amount,35.68,2024,TX,Medium
R0859,Avg Prescription Cost,3.61,2023,TX,Medium
R0860,Diabetes Prevalence (%),47.18,2024,IL,Medium
R0861,Avg Prescription Cost,34.69,2024,FL,Medium
R0862,Diabetes Prevalence (%),47.59,2024,FL,Low
R0863,Avg Claim Amount,17.56,2023,FL,High
R0864,Diabetes Prevalence (%),26.09,2024,NY,High
R0865,Avg Claim Amount,33.63,2023,CA,High
R0866,Diabetes Prevalence (%),39.48,2023,IL,High
R0867,Avg Prescription Cost,5.96,2023,IL,Low
R0868,Diabetes Prevalence (%),24.12,2024,TX,Medium
R0869,Diabetes Prevalence (%),24.3,2024,IL,Low
R0870,Diabetes Prevalence (%),33.65,2024,NY,High
R0871,Diabetes Prevalence (%),31.64,2024,TX,Low
R0872,Avg Claim Amount,42.59,2024,TX,Low
R0873,Diabetes Prevalence (%),14.07,2024,NY,High
R0874,Diabetes Prevalence (%),46.07,2023,TX,Low
R0875,Avg Prescription Cost,44.69,2023,TX,High
R0876,Readmission Rate (%),19.48,2024,IL,High
R0877,Avg Claim Amount,41.88,2024,CA,Low
R0878,Readmission Rate (%),20.4,2024,NY,Medium
R0879,Avg Prescription Cost,14.41,2024,FL,Low
R0880,Readmission Rate (%),43.36,2024,CA,Low
R0881,Avg Prescription Cost,14.7,2023,TX,Medium
R0882,Avg Claim Amount,47.38,2024,FL,Medium
R0883,Avg Prescription Cost,43.27,2023,CA,High
R0884,Readmission Rate (%),47.98,2024,FL,High
R0885,Avg Claim Amount,15.89,2024,IL,Low
R0886,Readmission Rate (%),21.54,2024,FL,High
R0887,Readmission Rate (%),43.17,2023,IL,High
R0888,Avg Claim Amount,3.19,2023,CA,Low
R0889,Readmission Rate (%),7.35,2024,TX,Medium
R0890,Avg Prescription Cost,12.92,2024,NY,High
R0891,Diabetes Prevalence (%),47.27,2024,IL,Low
R0892,Readmission Rate (%),27.44,2023,NY,Low
R0893,Avg Claim Amount,14.39,2024,TX,Low
R0894,Readmission Rate (%),25.45,2023,FL,Low
R0895,Readmission Rate (%),5.31,2024,FL,High
R0896,Avg Claim Amount,3.6,2024,NY,Low
R0897,Readmission Rate (%),29.85,2023,CA,Medium
R0898,Avg Prescription Cost,11.11,2024,NY,High
R0899,Readmission Rate (%),37.15,2024,CA,Medium
R0900,Avg Prescription Cost,21.66,2024,FL,Low
R0901,Diabetes Prevalence (%),37.4,2023,NY,Medium
R0902,Diabetes Prevalence (%),46.74,2023,NY,High
R0903,Readmission Rate (%),1.24,2023,NY,High
R0904,Readmission Rate (%),11.17,2024,TX,Low
R0905,Avg Claim Amount,43.77,2024,NY,Medium
R0906,Diabetes Prevalence (%),14.02,2024,TX,Medium
R0907,Readmission Rate (%),11.95,2023,CA,Medium
R0908,Diabetes Prevalence (%),29.65,2024,FL,High
R0909,Diabetes Prevalence (%),35.33,2023,FL,Low
R0910,Readmission Rate (%),2.77,2024,NY,High
R0911,Avg Prescription Cost,35.37,2024,FL,Low
R0912,Readmission Rate (%),10.52,2023,FL,Low
R0913,Avg Prescription Cost,9.18,2024,CA,Low
R0914,Diabetes Prevalence (%),42.6,2024,NY,Low
R0915,Diabetes Prevalence (%),48.04,2024,FL,High
R0916,Diabetes Prevalence (%),22.06,2023,TX,Low
R0917,Readmission Rate (%),26.67,2023,FL,Low
R0918,Avg Prescription Cost,19.64,2023,FL,High
R0919,Readmission Rate (%),43.17,2024,TX,High
R0920,Diabetes Prevalence (%),30.66,2023,CA,High
R0921,Avg Prescription Cost,28.83,2023,NY,Medium
R0922,Avg Claim Amount,17.6,2023,IL,Medium
R0923,Diabetes Prevalence (%),1.34,2024,FL,High
R0924,Diabetes Prevalence (%),21.39,2024,TX,Low
R0925,Avg Prescription Cost,49.09,2023,CA,High
R0926,Diabetes Prevalence (%),37.88,2024,CA,Medium
R0927,Avg Prescription Cost,49.34,2023,TX,Low
R0928,Avg Prescription Cost,7.27,2024,TX,Medium
R0929,Avg Claim Amount,22.73,2024,FL,High
R0930,Readmission Rate (%),26.16,2023,CA,High
R0931,Diabetes Prevalence (%),5.62,2024,NY,Medium
R0932,Avg Prescription Cost,16.57,2024,FL,Medium
R0933,Avg Claim Amount,36.59,2024,CA,Medium
R0934,Readmission Rate (%),5.52,2024,CA,Medium
R0935,Readmission Rate (%),5.61,2024,NY,Low
R0936,Readmission Rate (%),6.3,2023,TX,Low
R0937,Avg Claim Amount,22.29,2024,TX,Low
R0938,Readmission Rate (%),35.57,2023,IL,Low
R0939,Readmission Rate (%),8.39,2023,IL,Low
R0940,Diabetes Prevalence (%),36.29,2024,NY,High
R0941,Avg Claim Amount,41.45,2023,NY,Low
R0942,Diabetes Prevalence (%),6.84,2024,FL,High
R0943,Avg Prescription Cost,42.36,2024,TX,Medium
R0944,Diabetes Prevalence (%),22.12,2023,TX,Low
R0945,Diabetes Prevalence (%),29.74,2023,IL,High
R0946,Diabetes Prevalence (%),46.33,2023,TX,Medium
R0947,Readmission Rate (%),13.59,2023,CA,Medium
R0948,Avg Prescription Cost,22.49,2023,CA,High
R0949,Avg Prescription Cost,31.48,2024,IL,Low
R0950,Readmission Rate (%),22.7,2023,CA,High
R0951,Avg Prescription Cost,26.89,2023,IL,Low
R0952,Avg Claim Amount,30.01,2024,TX,Medium
R0953,Avg Claim Amount,4.87,2024,NY,Low
R0954,Avg Prescription Cost,42.02,2024,CA,Medium
R0955,Avg Claim Amount,10.03,2024,NY,Medium
R0956,Avg Prescription Cost,3.53,2023,CA,High
R0957,Avg Prescription Cost,6.49,2023,TX,High
R0958,Avg Prescription Cost,30.36,2023,CA,Low
R0959,Readmission Rate (%),29.48,2023,CA,High
R0960,Diabetes Prevalence (%),5.14,2023,CA,Low
R0961,Readmission Rate (%),27.08,2023,NY,Medium
R0962,Avg Prescription Cost,29.0,2023,FL,Medium
R0963,Avg Claim Amount,48.6,2023,IL,Low
R0964,Avg Claim Amount,30.93,2023,IL,Medium
R0965,Avg Prescription Cost,49.29,2024,FL,Low
R0966,Diabetes Prevalence (%),48.4,2024,CA,Low
R0967,Readmission Rate (%),5.16,2023,IL,Medium
R0968,Readmission Rate (%),32.15,2024,TX,Low
R0969,Avg Claim Amount,8.92,2023,IL,Medium
R0970,Readmission Rate (%),43.9,2023,TX,Medium
R0971,Readmission Rate (%),4.64,2023,FL,Medium
R0972,Avg Claim Amount,10.92,2023,IL,Low
R0973,Diabetes Prevalence (%),36.14,2023,NY,Low
R0974,Avg Prescription Cost,20.33,2023,CA,Medium
R0975,Avg Prescription Cost,27.4,2024,CA,Medium
R0976,Avg Claim Amount,47.66,2024,FL,Medium
R0977,Diabetes Prevalence (%),20.99,2024,IL,High
R0978,Avg Prescription Cost,33.05,2024,IL,High
R0979,Readmission Rate (%),2.76,2024,TX,Medium
R0980,Readmission Rate (%),40.45,2023,IL,High
R0981,Readmission Rate (%),42.46,2023,IL,High
R0982,Diabetes Prevalence (%),15.37,2023,FL,Low
R0983,Avg Prescription Cost,16.32,2024,NY,Low
R0984,Avg Prescription Cost,43.02,2023,NY,Medium
R0985,Readmission Rate (%),21.1,2023,TX,High
R0986,Readmission Rate (%),12.61,2023,NY,High
R0987,Diabetes Prevalence (%),34.04,2024,TX,Medium
R0988,Diabetes Prevalence (%),17.89,2023,CA,Medium
R0989,Avg Prescription Cost,4.12,2024,IL,Medium
R0990,Readmission Rate (%),7.69,2023,FL,Low
R0991,Avg Claim Amount,46.94,2024,IL,High
R0992,Avg Prescription Cost,12.06,2024,FL,High
R0993,Diabetes Prevalence (%),19.87,2023,FL,High
R0994,Diabetes Prevalence (%),36.27,2023,IL,Low
R0995,Avg Prescription Cost,11.85,2024,CA,Medium
R0996,Avg Prescription Cost,27.02,2024,IL,High
R0997,Avg Claim Amount,32.63,2023,IL,Medium
R0998,Readmission Rate (%),37.99,2023,FL,Low
R0999,Diabetes Prevalence (%),38.41,2023,IL,Medium
R1000,Avg Prescription Cost,12.97,2024,NY,Low
